<?xml version="1.0" encoding="UTF-8" ?>
<!DOCTYPE mapper PUBLIC "-//mybatis.org//DTD Mapper 3.0//EN" "http://mybatis.org/dtd/mybatis-3-mapper.dtd" >
<mapper namespace="com.czhand.zsmq.infra.mapper.DesignTenantMapper" >
  <resultMap id="BaseResultMap" type="com.czhand.zsmq.domain.DesignTenant" >
    <!--
      WARNING - @mbg.generated
    -->
    <id column="id" property="id" jdbcType="BIGINT" />
    <result column="name" property="name" jdbcType="VARCHAR" />
    <result column="code" property="code" jdbcType="VARCHAR" />
    <result column="logo" property="logo" jdbcType="VARCHAR" />
    <result column="owner" property="owner" jdbcType="VARCHAR" />
    <result column="object_version_number" property="objectVersionNumber" jdbcType="BIGINT" />
    <result column="created_by" property="createdBy" jdbcType="BIGINT" />
    <result column="creation_date" property="creationDate" jdbcType="TIMESTAMP" />
    <result column="last_updated_by" property="lastUpdatedBy" jdbcType="BIGINT" />
    <result column="last_update_date" property="lastUpdateDate" jdbcType="TIMESTAMP" />
  </resultMap>
</mapper>