<?xml version="1.0" encoding="UTF-8" ?>
<!DOCTYPE mapper PUBLIC "-//mybatis.org//DTD Mapper 3.0//EN" "http://mybatis.org/dtd/mybatis-3-mapper.dtd" >
<mapper namespace="com.czhand.zsmq.infra.mapper.EntListMapper">
    <resultMap id="BaseResultMap" type="com.czhand.zsmq.domain.EntList">
        <!--
          WARNING - @mbg.generated
        -->
        <id column="id" property="id" jdbcType="BIGINT"/>

        <result column="ent_id" property="entId" jdbcType="BIGINT"/>
        <result column="type" property="type" jdbcType="VARCHAR"/>
        <result column="list_date" property="listDate" jdbcType="TIMESTAMP"/>
        <result column="stock_code" property="stockCode" jdbcType="VARCHAR"/>
        <result column="remark" property="remark" jdbcType="VARCHAR"/>

        <result column="version" property="version" jdbcType="BIGINT"/>
        <result column="creation_by" property="creationBy" jdbcType="BIGINT"/>
        <result column="creation_date" property="creationDate" jdbcType="TIMESTAMP"/>
        <result column="update_by" property="updateBy" jdbcType="BIGINT"/>
        <result column="update_date" property="updateDate" jdbcType="TIMESTAMP"/>
    </resultMap>

    <!-- 根据企业基本信息id查询上市企业-->
    <select id="selectByEntId" parameterType="long" resultMap="BaseResultMap">
      select * from ent_list where ent_id=#{entId}
    </select>

</mapper>