<?xml version="1.0" encoding="UTF-8" ?>
<!DOCTYPE mapper PUBLIC "-//mybatis.org//DTD Mapper 3.0//EN" "http://mybatis.org/dtd/mybatis-3-mapper.dtd" >
<mapper namespace="com.czhand.zsmq.infra.mapper.MessageUserMapper" >
  <resultMap id="BaseResultMap" type="com.czhand.zsmq.domain.MessageUser" >
    <!--
      WARNING - @mbg.generated
    -->
    <id column="id" property="id" jdbcType="BIGINT" />
    <result column="message_id" property="messageId" jdbcType="BIGINT" />
    <result column="user_id" property="userId" jdbcType="BIGINT" />
    <result column="is_read" property="isRead" jdbcType="INTEGER" />
    <result column="version" property="version" jdbcType="BIGINT" />
    <result column="creation_by" property="creationBy" jdbcType="BIGINT" />
    <result column="creation_date" property="creationDate" jdbcType="TIMESTAMP" />
    <result column="update_by" property="updateBy" jdbcType="BIGINT" />
    <result column="update_date" property="updateDate" jdbcType="TIMESTAMP" />
  </resultMap>

    <insert id="insertNew" parameterType="com.czhand.zsmq.domain.MessageUser" useGeneratedKeys="true" keyProperty="id">
    insert into message_user(user_id)
    values {#{userId}}
    </insert>


    <select id="selectByUidAndMid" parameterType="com.czhand.zsmq.domain.MessageUser" resultMap="BaseResultMap">
        select * from message_user
        where user_id =#{userId}
        and message_id=#{messageId}
    </select>

    <delete id="deleteNotIn">
        DELETE from message_user
        where message_id=#{messageId}
        and user_id not in
        <foreach collection="ids" item="id" index="index"
                 open="(" close=")" separator=",">
            #{id}
        </foreach>
    </delete>



    <delete id="deleteByMid" parameterType="java.lang.Long">
        DELETE from message_user
        where message_id=#{messageId}
    </delete>


    <select id="selectByMid" parameterType="java.lang.Long" resultType="java.lang.Long" >
        select user_id from message_user
        where  message_id=#{messageId}
    </select>

    <update id="updateToRead" parameterType="com.czhand.zsmq.domain.MessageUser">
        update message_user
        set is_read=1,
        update_by=#{updateBy},
        update_date=NOW(),
        version=version+1
        where user_id=#{userId}
        and message_id=#{messageId}
    </update>
</mapper>