<?xml version="1.0" encoding="UTF-8" ?>
<!DOCTYPE mapper PUBLIC "-//mybatis.org//DTD Mapper 3.0//EN" "http://mybatis.org/dtd/mybatis-3-mapper.dtd" >
<mapper namespace="com.czhand.zsmq.infra.mapper.SysMenuMapper" >
  <resultMap id="BaseResultMap" type="com.czhand.zsmq.domain.SysMenu" >
    <!--
      WARNING - @mbg.generated
    -->
    <id column="id" property="id" jdbcType="BIGINT" />
    <result column="menu_name" property="menuName" jdbcType="VARCHAR" />
    <result column="language" property="language" jdbcType="VARCHAR" />
    <result column="parent_id" property="parentId" jdbcType="BIGINT" />
    <result column="route" property="route" jdbcType="VARCHAR" />
    <result column="sort" property="sort" jdbcType="BIGINT" />
    <result column="is_del" property="isDel" jdbcType="INTEGER" />
    <result column="version" property="version" jdbcType="BIGINT" />
    <result column="creation_by" property="creationBy" jdbcType="BIGINT" />
    <result column="creation_date" property="creationDate" jdbcType="TIMESTAMP" />
    <result column="update_by" property="updateBy" jdbcType="BIGINT" />
    <result column="update_date" property="updateDate" jdbcType="TIMESTAMP" />
  </resultMap>


    <sql id="Base_Column_List">
    id, menu_name,language, parent_id,
    route,version,creation_by ,creation_date,
    update_by,update_date,is_del
    </sql>

    <select id="selectByParentId"  parameterType="com.czhand.zsmq.domain.SysMenu" resultMap="BaseResultMap">
        select
        *
        from sys_menu
        where parent_id=#{id}
        and language=#{language}
        order by sort desc
    </select>

    <update id="deleteByMid" parameterType="com.czhand.zsmq.domain.SysMenu">
        update sys_menu
        set is_del=#{isDel},
        update_by=#{updateBy},
        update_date=NOW(),
        version=version+1
        where id=#{id}
    </update>

    <select id="selectMenusByRole"  resultType="com.czhand.zsmq.domain.SysMenu">
        select sm.id as id , menu_name as menuName,parent_id as parentId,route
        from sys_role sr, sys_menu_role smr,sys_menu sm
        where  smr.menu_id=sm.id
        and sr.id=smr.role_id
        and sm.is_del=0
        and role_id in
        <foreach collection="list" item="id" index="index"
                 open="(" close=")" separator=",">
            #{id}
        </foreach>
    </select>
</mapper>