<?xml version="1.0" encoding="UTF-8" ?>
<!DOCTYPE mapper PUBLIC "-//mybatis.org//DTD Mapper 3.0//EN" "http://mybatis.org/dtd/mybatis-3-mapper.dtd" >
<mapper namespace="com.czhand.zsmq.infra.mapper.SysMenuRoleMapper" >
  <resultMap id="BaseResultMap" type="com.czhand.zsmq.domain.SysMenuRole" >
    <!--
      WARNING - @mbg.generated
    -->
    <id column="id" property="id" jdbcType="BIGINT" />
    <result column="menu_id" property="menuId" jdbcType="BIGINT" />
    <result column="role_id" property="roleId" jdbcType="BIGINT" />
    <result column="version" property="version" jdbcType="BIGINT" />
    <result column="creation_by" property="creationBy" jdbcType="BIGINT" />
    <result column="creation_date" property="creationDate" jdbcType="TIMESTAMP" />
    <result column="update_by" property="updateBy" jdbcType="BIGINT" />
    <result column="update_date" property="updateDate" jdbcType="TIMESTAMP" />
  </resultMap>


    <insert id="insertSysMenuRole">
    INSERT INTO
    sys_menu_role (id,menu_id,role_id,version,creation_by,creation_date,update_by,update_date)
	 VALUES
	 (#{id}, #{menuId}, #{roleId}, #{version},#{creationBy},#{creationDate}, #{updateBy},#{updateDate})
    </insert>

    <delete id="deleteMenuRole">
    delete from sys_menu_role where role_id=#{roleId}
    </delete>

    <select id="selectMenu" parameterType="java.lang.Long" resultType="com.czhand.zsmq.domain.SysMenu">
        SELECT
        menu.*
        FROM
        sys_menu AS menu,
        sys_menu_role AS menurole
        WHERE
        menu.id = menurole.menu_id
        AND
        menurole.role_id=#{roleId}
    </select>
</mapper>