<?xml version="1.0" encoding="UTF-8" ?>
<!DOCTYPE mapper PUBLIC "-//mybatis.org//DTD Mapper 3.0//EN" "http://mybatis.org/dtd/mybatis-3-mapper.dtd" >
<mapper namespace="com.czhand.zsmq.infra.mapper.SysUserRoleMapper">
    <resultMap id="BaseResultMap" type="com.czhand.zsmq.domain.SysUserRole">
        <id column="id" property="id" jdbcType="BIGINT"/>
        <result column="user_id" property="userId" jdbcType="BIGINT"/>
        <result column="role_id" property="roleId" jdbcType="BIGINT"/>
        <result column="version" property="version" jdbcType="BIGINT"/>
        <result column="creation_by" property="creationBy" jdbcType="BIGINT"/>
        <result column="creation_date" property="creationDate" jdbcType="TIMESTAMP"/>
        <result column="update_by" property="updateBy" jdbcType="BIGINT"/>
        <result column="update_date" property="updateDate" jdbcType="TIMESTAMP"/>
    </resultMap>
    <insert id="insertSysUserRole">
    INSERT INTO
    sys_user_role (id,user_id,role_id,version,creation_by,creation_date,update_by,update_date)
	 VALUES
	 (#{id}, #{userId}, #{roleId}, #{version},#{creationBy},#{creationDate}, #{updateBy},#{updateDate})
  </insert>

    <delete id="deleteSysUserRole">
    delete from sys_user_role where user_id=#{userId}
  </delete>

    <select id="selectRole" parameterType="java.lang.Long" resultType="com.czhand.zsmq.domain.SysRole">
    SELECT
	role.*
    FROM
	sys_user_role AS urole, sys_role AS role
    WHERE
    urole.role_id=role.id
    AND
	user_id = #{userId}
  </select>
</mapper>