<?xml version="1.0" encoding="UTF-8" ?>
<!DOCTYPE mapper PUBLIC "-//mybatis.org//DTD Mapper 3.0//EN" "http://mybatis.org/dtd/mybatis-3-mapper.dtd" >
<mapper namespace="com.czhand.zsmq.infra.mapper.UserEntMapper" >
  <resultMap id="BaseResultMap" type="com.czhand.zsmq.domain.UserEnt" >
    <!--
      WARNING - @mbg.generated
    -->
    <id column="id" property="id" jdbcType="BIGINT" />
    <result column="user_id" property="userId" jdbcType="BIGINT" />
    <result column="ent_Id" property="entId" jdbcType="BIGINT" />
    <result column="version" property="version" jdbcType="BIGINT" />
    <result column="creation_by" property="creationBy" jdbcType="BIGINT" />
    <result column="creation_date" property="creationDate" jdbcType="TIMESTAMP" />
    <result column="update_by" property="updateBy" jdbcType="BIGINT" />
    <result column="update_date" property="updateDate" jdbcType="TIMESTAMP" />
  </resultMap>
</mapper>